what country does <e> come under,0
what language did the <e>,0
what to do in <e>,0
what films did <e> direct,0
which states does the <e> pass through,1
what currency should i take to <e>,0
who was <e> married too,3
what is the name of book written by <e>,1
what countries does <e> own,1
what is the currency name of <e>,0
what college did <e> play for,3
who won 2001 <e>,3
what movies did <e> play in,2
who is playing jason morgan on <e>,3
who played <e>,2
where <e> was born,0
what is <e>,0
what is <e> famous for,0
what does <e> believe,0
what is the currency used in <e>,0
where does <e> end,0
what did <e> say on the moon,0
where is the <e> located,0
when was the last time <e> invaded another country,2
what did <e> od on,1
what type of currency does the <e> have,0
what three continents touch the <e>,3
where is <e>,0
where is <e> headquarters located,2
what kind of music does <e> play,0
what is <e> famous for,0
what did <e> star in,2
which wife did <e> behead,3
who is the owner of the <e>,3
what language do they <e>,0
what is <e> 's real name,2
what college did <e> attend,3
who has <e> played for,2
what is the state flag of <e> called,2
what was <e> famous for,0
what 's <e> country code,0
who was <e> in crazy stupid love,3
in what state did the bloody <e> take place,0
what other languages does <e> speak,0
where does lala <e> live,2
where is the <e> located,0
when are the <e> held,0
what kind of currency does <e> have,0
what war did <e> help win,2
where did <e> go to college,3
who controls <e>,3
where was president <e> from,0
who is <e> and what did he do,0
what kind of language do <e> speak,0
what movies has <e> been in,2
what are the <e>,0
what channel is the mtv <e> on,0
who plays jacob black in the <e>,3
who does <e> play in 24,3
what did <e> do for a living,0
where does <e> live in star wars,0
what city has the largest population in <e>,1
what state is <e> located,1
who played danielle rousseau on <e>,3
who <e>,0
where is <e> nsw,0
what kind of money does <e>,0
who is playing <e>,2
where is washington d.c. at,1
where was emperor <e> born,0
who does <e> play for,2
where was the <e> campaign waged,0
who plays young lex luthor in <e>,3
what inventions did <e> made,0
what college did harry s. truman attend,3
who did the <e> draft,2
what utc time zone is <e>,0
what date did the <e> happen,0
where is the <e> located,0
what college did <e>,3
what instrument does <e> play,0
what instrument does <e>,2
when did the <e> win their first championship,1
who invented <e> code,0
where did <e> go to prep school,3
what planet did princess <e> call home,0
what character does <e> play in finding nemo,3
what movies did <e> play in,2
what did <e> contribute to the industrial revolution,0
which continent is <e> located,0
where do the <e> play,0
what is the president of <e>,3
what is <e>,0
where is <e>,0
what to do if you have one day in <e>,0
who does the voice of lois in <e>,3
who plays the voice of meg in <e>,3
what timezone is <e> usa,0
what has <e> played in,2
who is my state senator and representative <e>,3
who was the vice president when <e> was in office,0
where to stay in <e>,0
who the voice of <e>,3
what war was <e> associated with,2
what are the major imports of the <e>,2
who is <e> dating now in 2012,3
what were some inventions of <e>,0
what to see in downtown <e>,0
what is <e> in,2
where did <e> go to high school,3
who are <e> 's parents names,0
who was the wife of <e>,3
what does <e> export,2
what is the legislature of <e> called,0
where was <e> originally from,0
who won <e> season 5,0
what language do <e> speak,0
where did the <e> originate,0
what are <e> 's parents names,0
what language do they speak in <e>,0
who are the judges on the <e>,2
what countries are in the <e>,1
who was sworn into office when <e> was assassinated,0
where do you fly into for <e>,3
what language do people speak in <e>,0
what company did <e> used to be,2
where is <e> grave,0
what planet was <e> raised on,0
who created the character of <e>,0
what division is <e> in,0
where does <e> teach,2
what is the local currency in the <e>,0
where are the <e> on a world map,0
who is <e> sister,3
where to go in <e>,0
what school did <e> go to,2
who will <e> play for in 2013,2
what time zone is <e> under,0
who won <e> elections 2012,2
who was <e> 's parents called,0
who was <e> and what did he do,0
what characters does <e> voice,3
what city was <e> killed in,0
who does <e> think her father is,1
what is the name of the <e> state tree,3
where is <e> located,0
what do the <e> believe in,0
what is the timezone in <e> called,0
what part does seth macfarlane play in <e>,3
what is <e> 's daughters name,0
what is <e> real name,0
what type of guitar does <e> play,1
who is <e>,0
who played <e>,2
who is the head coach of the <e>,0
who does <e> play for,2
what is a city in <e>,1
what country is <e> from,0
what date did <e> become president,3
who was <e> teacher,0
what year were the <e> founded,0
what did <e> die of,0
what are the names of <e> brothers and sisters,2
who did <e> retire with,3
what colleges did <e> attend,3
who is the <e> kicker,3
what time zone in the <e>,0
what money is used in <e>,0
what did <e> discover,0
who plays moira on <e>,3
what was <e> known for,0
what is the holy book in <e>,0
what movies has <e> starred in,2
where is the head office of <e>,2
where <e> located,0
who plays lois lane in <e>,3
what language do you speak in <e>,0
who does <e> play with,2
what year did <e> get drafted,2
what teams did <e> play on,2
what is the language called in <e>,0
what countries are around <e>,3
where is <e>,0
what planes does the <e> have,2
what did <e> die of,0
who did <e> marry,2
what money is used in <e>,0
in what country is <e>,0
who will play clary in <e>,3
what countries do <e> export to,2
what type of money does <e> have,0
who is the prime minister of <e> now,3
where does the band <e> live,0
where was <e> from,0
what does <e> consist of,1
where does <e> live map,2
what college did <e> go to,3
what characters does seth macfarlane play in <e>,3
where is the <e> by michelangelo,1
what did <e> do,0
where does the <e> come from,0
what state is <e> senator for,3
what is the capital city of <e>,0
who was the voice of <e>,3
who is the elected governor of <e>,3
what position does <e> play,0
who plays the voice of lois griffin on <e>,3
where is the <e>,0
what did <e> do to become famous,0
where does <e> live now,2
which countries border <e>,3
where did <e> live,2
where did <e> go to high school,3
where did <e> grew up,0
where does dr. sanjay gupta practice,3
where was <e> born,0
what did <e> invented,0
who was <e> married to,3
what was the cause of death for <e>,0
what did <e> sing,0
where is the <e>,0
what is the political system in <e>,0
what kind of money do they use in <e>,0
what countries are included in the <e>,1
what are some places to visit in <e>,0
who created <e>,0
what language <e> speak,0
who is <e> dating,3
where did <e> live,2
what state did <e> represent,3
where was <e> born and raised,0
what did <e> die from,0
what type of government does the <e> have,0
what money system does <e> use,0
what language do <e>,0
where did <e> die,0
what is the language used in <e>,0
what is the language they speak in <e>,0
what position does <e> play,0
who did <e> play for,2
what countries make up <e>,0
who plays steffy on <e>,3
where was <e> from,0
what to see in <e>,0
what to do in <e> today,0
what years did the <e> win the world series,0
what countries did <e> reign over,2
what is a famous person from <e>,0
what color are the <e>,0
what channel does <e> come on,3
where was the <e>,0
where was <e> born,0
who plays stewie griffin 's voice <e>,3
what were <e> achievements,0
who is the president of <e> in 2012,3
what <e> do,0
what jobs did <e> have,0
what is the political system in <e>,0
what airport is closest to <e>,0
what does <e> play in,2
what state did <e> represent,3
when did <e> won the gold medal,3
what drug did <e> overdose on,0
who <e> been married to,3
where does <e> live,2
what does <e> like to eat,0
who played andy in <e>,3
who has <e> played for,2
where does the <e> begin,0
what is the work of <e>,0
where is <e>,0
where did chris <e> go,2
where did <e> work,2
what to do around <e> thailand,0
what team does <e> play for,2
what college did <e> go to,3
where is the <e> located,0
what did <e> die of,0
who voices anakin in <e>,3
where does <e> coach,0
what language do the people speak in <e>,0
who voiced <e> in the pilot,3
what university did <e> attend,3
<e> located,0
what kind of money does the <e> use,0
what did <e> die of,0
what continent is <e> located,1
who did george wendt play on <e>,3
who played betty rizzo in <e>,3
who is <e> married too,2
who is <e>s founder,0
who invented <e>,0
what did <e> play,0
what movies have <e> been in,2
where did <e> go to school,2
what inventions did <e> made,0
what timezone is <e> in right now,0
who plays tommy oliver in <e>,3
what city was <e> born in,1
what money do you use in <e>,0
who did <e> cheat with,2
where was the ancient region of <e>,0
what are the name of <e> sons,1
what kind of government did <e> have,2
what are some of the awards <e> has won,2
when was the last time the <e> won a superbowl,1
when was the last time the <e> won the superbowl,1
what did <e> do,0
who plays princess <e> in star wars,2
where did <e> go to school,2
what did <e> get surgery for,1
what team did <e> play football for,2
what sport is popular in <e>,0
when did the <e> happened,0
what shows did <e> produce,2
which college did <e> attend,3
what type of currency does <e> have,0
who was governor of <e> in 2003,3
who played <e> on days of our lives,2
what college did <e> attend,2
what does <e> sing,0
what state did <e> represent at the constitutional convention,3
what state <e> located,0
who is <e> dad,1
where is <e> arizona,2
what happened to <e>,0
who is <e>,0
what is <e> trained in,0
what instruments does <e> use,0
where is <e>,0
what university did <e> graduate from,3
what timezone are the <e>,0
what team did <e> play for in baseball,3
who currently owns the <e>,0
what movies did <e> star in,2
who played boss hogg <e>,3
where does <e> live,2
who played dorothy in the <e>,3
what language do native <e> speak,0
what form of government does <e> use,0
what god does <e> believe in,0
who did <e> 's voice,3
where did <e> died,0
where is <e> from,0
what country is the <e> in,1
which countries have <e> as native language,0
where does <e> operate,2
where is <e> located,0
what to do in <e>,0
what money does <e> use,0
where does the <e> practice,0
where does the st. joe river start,0
who does <e> play for,2
what can you visit in <e>,0
what book did <e> wrote,0
what happened to <e>,0
what kind of drugs does <e> do,2
who won the <e> 2010,0
who plays <e>,2
who is the coach of the <e>,0
who is <e> and what is his theory,0
who was the president after <e> died,0
who was the emperor before <e>,0
what is the name of <e> 's first novel,1
what films have <e> been in,2
who is <e> mother,1
what years did <e> run for president,0
what are all songs by <e>,0
what is <e> name in the woman in black,3
what voice does <e> do on the simpsons,3
what form of government does <e> use,0
who invented <e>,0
what is the timezone in <e>,0
who is the voice of family guys <e>,3
where is <e> from,0
where is <e> tennessee whiskey made,0
what 4 countries are part of the <e>,0
what sports do <e> like,0
what party was <e> affiliated with,2
what main language do they speak in <e>,0
who played <e> in the original superman,3
what was the capital of <e>,0
what types of government does <e> have,0
where do the <e> play,0
what is <e> 's nationality,0
what are the biggest cities in <e>,1
who started <e>,0
what 's the <e> currency,0
what country was <e> from,0
where are <e> headquarters located,2
who is golfer <e> dating,3
who played juni in <e>,3
what does <e> sing,0
where does <e> start,0
what state did <e> represent,3
what disease did <e> have,0
what team does <e> play for 2013,2
what currency do i bring to <e>,0
what type of government does <e> use,0
what branch is made up of the <e>,0
when did <e> first appear on ncis,3
who is the present chief justice of the u.s. <e>,3
what kind of music did <e> sing,0
who was <e> married too,3
what was <e> famous for,0
what time zone is <e> state,0
what team does <e> play for in 2011,2
where is <e> from,0
where is <e> born,0
into what language family does <e> fall,0
where did <e> take place,0
what kind of government does <e> have now,0
where was <e> education,2
when did the <e> win the championship,0
what timezone is <e> canada,0
what is <e> 's capital city,0
where is the <e> located,0
where <e> is located,0
who does <e> play for now 2010,2
what team does <e> play for 2013,2
what was <e> known for,0
where does <e> go to school,2
what does <e> play in,2
what countries use the <e> as official currency,0
where to visit near <e>,0
who is <e> getting married to,2
who does <e> race for,2
who was <e>,0
who were <e> 's brothers and sisters,2
where is the country of <e>,0
who will <e> drive for in 2013,2
where is <e> located,0
what type of music was <e> noted for,0
who runs the <e> now,2
who was <e> father,1
what is <e> called,0
where is <e> the country,0
what are the names of <e> kids,0
what war was <e> president during,2
who is <e> and why is she famous,0
what system of government is used in <e>,0
what kind of money does the <e> use,0
what is the newspaper in <e>,0
who plays <e> in buffy the vampire slayer,2
where did <e> die,0
who did <e> just marry,3
what did <e> die of,0
what is <e> known for,0
what are some sights to see in <e>,0
what teams did <e> play for,2
what books did <e> wrote,0
what was <e> 's wife name,3
when did the <e> last win a championship,1
what country do they speak <e>,0
who is the political leader of <e>,3
what year did <e> started his career,2
where is the <e> located,0
what team did <e> play for,2
where is headquarters of <e>,2
where is the <e> located,2
what language does the country <e> speak,0
who is the senator of the <e> 2010,3
what college <e> go to,3
what club team is <e> on,2
what years have the <e> won the world series,0
who played <e> 's dad,1
in what city did <e> live,3
what style of music did <e> play,0
what year was the first <e>,0
who was the vice president during <e>,0
where is <e> from,0
who has <e> married,3
where is <e> from,0
when did <e> win the superbowl,1
when did <e> leave the eagles,3
where is <e>,0
what language does the <e> speak,0
what god do <e> believe in,0
who was <e> married to,3
what country did vasco <e> come from,0
what awards has <e> won,2
which island in <e>,1
what kind of money do <e> use,0
what political party did <e> belong to,2
what episode did kate leave <e>,3
where does <e> play now,3
what type of government is the <e>,0
what states does the <e> touch,1
what is the name of the main train station in <e>,3
what currency do i take to <e>,0
when did the <e> occur,0
what time zone am i in <e>,0
what money does <e> use,0
what timezone is <e> in,0
who is <e> husband name,3
what did writers of the <e> write about,1
what instrument does <e> play,2
who is the current coach of the <e>,0
what is there to do in <e>,0
what school did <e> attend,2
what system of government is used in the <e>,0
where <e> went to college,3
where did <e> go to high school,3
who was vice president under <e>,0
what country was the <e> written,0
what <e> kids names,0
what was <e> wife name,3
what nationality is <e>,0
who played <e>,2
who speaks <e>,0
what team does <e> play for,2
what continent does <e> belong to,0
what are the two dialects of <e>,0
what government type is <e>,0
what year did <e> win nba championships,0
what did <e> do,0
where <e> located,0
what party did <e> belong to,2
what is the name of the <e> mascot,0
what is <e> 's heritage,0
what is the currency of <e> called,0
who does the <e> worship,0
who influenced <e>,0
what to do in <e>,0
what is the <e>,0
what is the very first <e> potter book,1
who does queen <e> hair,3
who is the current leader of <e> today,3
who is the prime minister of <e> now,3
who played lois en <e>,3
what type of poetry does <e> write,0
what prep school did <e> attend,3
what does <e> do,0
what sports are played in <e>,0
what is <e> 's mascot,0
who does <e> play for,2
who was <e>,0
who is <e>,0
what club did <e> play for,2
who is the leader of <e> right now,3
what disease has <e> got,0
what countries fall in <e>,1
what basketball team does <e> play for,2
what character does mila kunis play on <e>,3
what is <e> 's dad 's name,1
who won <e>,0
who did <e> from the bible marry,2
what influenced <e> to write,0
who plays stacey in <e>,3
what did <e> go to college for,2
when was <e>,0
what did <e> have surgery for,0
what did <e> die off,0
who started <e>,0
where 's the <e>,0
when did the <e> start playing baseball,0
who plays the voice of <e>,3
what party did <e> belong to,2
what type of art is <e> famous for,0
what airport do you fly into for <e>,0
what was the <e> political system,0
what characters does <e> voice,3
what currency does <e> accept,0
what team is <e> on,2
what are <e>,0
where is the <e> used,0
where is the time zone in <e>,0
what kind of currency do they use in <e>,0
what language does <e> people speak,0
where did <e> go to school,2
what is d capital city of <e>,0
what party is <e> affiliated with,2
what region of the world is <e> in,0
where was the battle of <e> held,0
what are the airports in <e>,0
where does <e> start,0
who are the <e>,2
what time zone is it in <e> england,0
who does <e> play in over the hedge,3
what to do in <e>,0
where did <e> die,0
what timezone is <e> now,0
what are all the names of <e> potter,0
what is the political system in <e>,0
who is the current governor of <e> 2011,3
what county is <e> in,0
what currency should i take to <e>,0
what country do <e> come from,0
who is the <e> 2012,2
who played <e> in star trek,2
who shot and killed <e>,0
when do they have the <e>,0
where is <e>,0
where did <e> go to college,3
what are dollars called in <e>,0
where is the battle of <e> located,0
what did <e> do to the children,2
where are the nfl <e> from,0
what was the name of <e> parents,0
who killed <e>,0
where was the <e> centered,0
what other books did <e> wrote,0
what is the money currency in <e>,0
what to do with kids in <e>,0
what are historical places in <e>,0
what inspired <e>,0
what form of government does <e> have,0
what wars have <e> been involved in,2
who was <e> and what did he do,0
what college is in <e>,1
what year did <e> win championship,0
who was the owner of <e>,0
what do they speak in <e>,0
where is <e>,0
who was the real <e>,0
who did <e> play in shrek,3
which <e> game is the first,1
what did <e> believe in,0
what is the time zone in <e> now,0
what kind of government do the <e> have,0
where is <e> the official language,1
what did sir <e> do,0
what does <e> own,2
what did <e> died of,0
what books has <e> written,0
who was <e> influenced by,0
where <e> on the world map,0
who wrote luke bryan 's <e>,0
where <e> come from,0
what is the currency of <e> called,0
what kind of government does <e> have today,0
what were <e> 's parents names,0
what are some of the religions in <e>,2
who did <e> play college football 4,2
what is the <e>,0
who do <e> play for,2
what does <e> own,0
who are the judges of the <e>,2
where does <e> originate,0
what products are made in the <e>,2
what to see and do in <e> ireland,0
where was <e> when he died,0
who is <e> 's current wife,3
what year did <e>,0
what is the currency in the <e> called,0
where was battle of <e> located,0
what are the <e> nations,0
where did <e> go to high school,3
what is the national anthem of <e>,2
what did <e> died from,0
where is <e> uk,0
where <e> went to school,2
where is <e>,0
what was the name of <e> children,0
what are the best things to do in <e>,0
what district does <e> represent,2
what school did <e> attend,2
in what country do they speak <e>,0
what are the official languages in <e>,0
what city is <e> located,2
where is <e>,0
who founded the <e> in 1886,0
who married <e>,3
what type of currency is used in <e>,0
what date did the <e> win the world series,1
where does the <e> import from,2
where is <e> from,0
what college did <e> attend,3
who is playing hawkeye in the <e> movie,3
what to do in <e>,0
where was <e> raised,0
what art movement does <e> belong to,0
what type of government does <e> have today,0
who is <e> 's president right now 2011,3
what did <e> rule,0
who won <e> 2012,2
where was <e> born,0
what teams does <e> own,0
what does <e> people speak,0
who was the secretary of state when <e> was president,3
what are all the countries in <e>,2
what does <e> do,0
what school did <e> go to,2
who played obi wan kenobi in <e>,3
where did the <e> live,0
what is the capital of <e> state,0
what 4 teams did <e> play for,2
who played <e> in the original star wars movies,3
what type of music did <e> write,0
where do <e> play,1
what state is <e> from,0
what is a judge in the <e> called,0
where does <e> live,2
what airport do you fly into <e>,1
what language did the <e> speak,0
what job did <e> have,0
who owns the <e> football team,0
what year was <e> drafted,2
what awards has <e> won,2
who were queen <e> parents,0
what children 's books did <e> wrote,1
who is the manager of the <e>,0
what is <e> known for,0
where did <e> study,2
what movies star <e>,2
what city is the <e> in,0
where is <e> headquarters located,2
where was the <e> war located,0
which countries share borders with <e>,3
what is the president of <e> 's name,3
what does the name <e> stand for,0
what form of government was practiced in <e>,0
what are the best places to go in <e>,0
who was the first <e> president,3
what is the political system of <e>,0
what are the gods of <e>,0
who is <e> married too,3
what happened to <e>,2
what is <e> sport,0
what do do in <e>,0
who is <e> 's parents,0
what religions are recognized in <e>,2
what are all the things <e> invented,0
what money do they use in <e>,0
what <e> owns,0
what is the name of money in <e>,0
what types of government does <e> have,0
who wore the darth vader suit in <e>,3
what movies did <e> play in,2
where did the <e> case take place,0
what is the capital city of <e> now,0
where did <e> got shot,0
where is located <e>,0
who did <e> married,3
what college did <e> go to,3
when did <e> leave usc,3
who was <e>,0
what <e> name her baby,0
who plays bella on <e>,3
who makes <e> voice,3
what did <e> play in,2
what films did <e> star in,2
where does <e> live,2
who is <e> married to,3
who is the head coach of the <e>,0
what is the major language spoken in <e>,0
who <e> engaged to,3
what medium is <e>,0
where was <e> born,0
what country did <e> represent,0
where is the nation of <e> located,0
what was the cause of death of <e>,0
what is there to see in <e>,0
what are the major languages of <e>,0
where did <e> live,2
who are the famous athletes in <e>,2
where did pres <e> go to college,3
where <e> come from,0
what is the main language of <e>,0
what time zone is <e> in right now,0
what kind of money should i bring to <e>,0
what inspired <e>,0
which countries speak <e>,0
what college did <e>,3
what did <e> do for a living,0
what team <e>,2
what did <e> write,0
what is the first book <e> appeared in,1
what type of currency is used in the <e>,0
what year did <e> play,2
where is <e> from,0
what is the political system of the <e>,0
what countries include <e>,1
what movies are directed by <e>,0
where did <e> get his education,2
what is <e> patron saint of,0
what empire did <e> rule,0
what airport is in kauai <e>,1
what country surrounds <e>,3
who were <e> 's parents,0
what country is the <e> located in,0
where to go in <e> cambodia,0
what college did <e> play for,2
how much <e> movies are there,3
what state was <e> a senator for,3
who created the <e>,0
when did the <e> come out,0
who was emperor <e>,0
what are the basic beliefs of <e> religion,0
where did <e> grow up,0
what ethnicity are <e>,0
what clubs has <e> played for,2
what is <e> best known for,0
who influenced <e>,0
who created the character of <e>,0
who plays mary jane in <e>,3
what countries do people speak <e>,0
what brand of guitar does <e> play,1
what timezone is <e> usa in,0
where did <e> live,2
what is wrong with <e>,0
who did <e> mary,3
what episode does <e> come in,2
what is <e> state flower called,3
what country is the <e> located in,0
where is <e> located,0
who voices ray in <e>,3
what books did <e> write,0
what time zone am i in <e>,0
what does <e> do,0
who was <e> 's vice president when he died,1
who does <e> play for,2
what type of government did <e> have,0
when did <e> win wimbledon,3
who are the two current <e> senators,3
what books did <e> wrote,0
what language do they speak in <e>,0
what religions are in <e>,2
what countries does <e> share borders with,3
what is the official language in <e>,0
what movie is <e> directing,0
what jobs did <e> have,0
who won the <e> in 2008,3
who played lt <e>,2
what type of political system does <e> have,0
what kind of artist is <e>,0
what state was <e> gas founded,0
where is <e> from ethnically,0
where does the <e> flow,0
who played <e> on buffy the vampire slayer,3
what subatomic particles did <e> discover,3
where did <e> die,0
what form of government is <e>,0
who all has <e> dated,2
what kind of money does <e> use,0
what language do people speak in <e>,0
where is <e> from,0
what county is the city of <e> in,0
what highschool did <e> graduated from,3
what type of money does <e> use,0
what type of government does <e> use,0
what timezone is <e> in,0
what films has <e> starred in,2
who was the voice of <e> 's dad,3
what is the government structure of <e>,0
where did <e> grow up,0
what type of language does <e> speak,0
what team does <e> play for 2011,2
what country did <e> explored for,0
what does the <e> consist of,0
where did <e> live,2
what language do they speak in <e>,0
what state did <e> governor,3
what year did <e> win the world series,0
who did <e> marry first,3
which airport is closest to <e> port,0
what was the cause of death of <e>,0
what does the <e> flow into,0
where did <e> play,2
what are the four official languages of <e>,0
what is the currency of <e> called,0
what did the scientist <e> discover,0
what did <e> accomplish,0
where is the <e> located,0
who won governor race in <e>,3
what countries does <e> border,3
what did <e> believe,0
what religion is <e>,0
who 's <e>,0
where was emperor <e> born,0
who owns <e> 2012,3
what languages do people speak in <e>,0
what years have the <e> been in the world series,0
where did <e> get shot,0
what city uses <e>,1
what countries are on the <e>,3
what kind of cancer killed <e> have,1
what language do u speak in <e>,0
where did the name <e> come from,0
what does <e> produce,0
what province is <e> canada located in,0
who plays claudia joy on <e>,3
who is ruling <e> now,3
what schools did <e> attend,2
which province is <e> canada in,0
what years did the <e> win the championship,0
who is <e> married to,3
who did <e> marry,3
where is the capital city of <e>,0
what timezone is <e>,0
what city became the capital of the <e>,0
what time is <e> in,0
where is <e> from,0
what is <e> party,2
where does <e> live,2
where did <e> grow up,0
who played mulder in <e>,3
what is the postcode for <e>,0
what do they speak in <e>,0
what language do <e> use,0
what countries does the <e> run through,1
what money to take to <e>,0
what kind of language do <e> speak,0
what teams did <e>,2
who was <e>,2
where is she from <e>,0
where is the <e> located,0
what are fun things to do in <e>,0
when is the <e> festival,0
who is the leader of <e> 2012,3
who was <e> 's vice president,0
where is <e> located,0
what kind of art did <e> produce,0
who was <e> married too,3
what nationality is <e>,0
where is <e> florida on the map,0
what currency in <e> should i bring,0
where did dr. martin luther king jr. go to school,2
where is <e> located,0
where was <e> born and raised,0
what government system does <e> have,0
what is the money called in <e>,0
what county is <e> in,0
who is the state senator of <e>,3
what was <e> 's education,2
what company did <e> run,2
what year did <e> came to the nba,2
where did <e> live,2
what places made up the <e>,0
who played <e>,2
where was <e> buried,0
what movie does <e> play in,2
where did <e> go to prep school,3
what city did <e> grow up in,1
who has coached the <e>,2
what money is used in the <e>,0
what are some famous tourist attractions in <e>,0
what football teams did <e> play for,2
what language does people from <e> speak,0
what language do they speak in <e>,0
what is the zip code for <e> ohio,0
what does <e> have a degree in,2
what teams has <e> played for,2
what do people from <e> speak,0
who is the current coach of the <e>,0
who is the <e> 2012,2
what town was <e> born in,1
where does <e> live,2
where is <e> on a world map,0
what language does <e>,0
who did the voice of kitt in <e>,3
what book did w.e.b. dubois wrote,0
what do <e> do for a living,0
who is the current president of <e> 2011,3
what country is the <e> located in,3
what country speak <e> as native language,0
where does <e> live now,2
what is <e> zip code,0
who played <e> in superman 1,3
where is <e> now,2
what religion is <e>,0
what is <e> named for,0
what language do <e> people speak,0
where is the <e> tournament,0
where is <e> located,0
what language do they speak <e>,0
what is the zip code for <e> ga,0
what currency does <e> use,0
who plays sarah wittle in <e>,3
where did <e> die,0
what was <e> 's character in star wars,3
what is <e> state 's zip code,0
where did <e> live,0
what city is fc <e> 04 in,2
who is married to <e>,3
what is the name of the <e> head coach,0
where was ancient <e> located,0
what is the origin of the <e> language,0
where does <e> live,2
what continent is <e> in,1
where did <e> die,0
who was <e> married to,3
where does <e> live,0
what money do <e> use,0
where did <e> went to school,2
where is <e> rugby stadium,1
who won governor in <e> 2010,3
what is <e> nationality,0
what made <e> famous,0
where did <e> got shot at,0
what kind of money in <e>,0
who were <e> 's brothers and sisters,2
what is the current time in nigeria <e>,0
who owns <e> car manufacturer,0
where <e> go to school,2
who killed <e>,0
what airport fly into for <e>,1
what was <e> known for,2
where does <e> live,2
what currency does <e> use,0
what is there to do in <e>,0
what is the zip code for <e>,0
where did <e> went to school,2
who are <e> 's parents,0
who plays jacob black in <e>,3
when was the last superbowl win for the <e>,1
who is <e> and what did he do,0
where did <e> grow up,0
where does <e> play,2
who does <e> import from,2
who was the first leader of the <e>,0
what happened to <e>,0
where did <e> live,2
who started <e>,0
where did <e> live,0
what 's the national sport of <e>,0
where is <e>,0
what to do and see in <e>,0
what two countries share a border with the <e>,1
what does <e> people speak,0
what books did <e> right,0
what language do the speak in <e>,0
who is the <e> 2012,2
where does <e> live,0
who speaks stewie on <e>,3
where did <e> went to school,2
who did <e> married,3
what happened to rev. <e>,0
who plays <e> in family guy,3
which team does <e> play for,2
what language is spoken in <e>,0
what wars did <e> lead,2
where is <e> from,0
who is <e> 's husband,3
what is <e> known for,0
what did <e> act in,2
when is the last time the <e> won a championship,1
who plays young <e> in supernatural,3
what currency does ontario <e> use,0
what is the dominant language of <e>,0
what tv shows are taped in <e>,0
what channel is <e> talk show on,2
who is <e>,0
what did <e> really die of,0
what other discoveries did <e> discover,0
what office does <e> hold,2
what year did the <e> win their first world series,1
what do <e> speak,0
what movies has <e> been in,2
where was the <e> 2010,0
what languages do they speak in <e>,0
who played bob ewell in <e>,3
what does <e> compete in,2
who runs <e> 2011,3
what language they speak in <e>,0
what contribution did <e> made to science in 1665,0
what band does <e> sing for,2
what did <e> do,0
who plays john connor in <e>,3
where is <e> in a world map,0
when did <e> win his first title,3
who does <e> play in the hangover,3
what present day countries use <e> as their national language,0
what was <e> best known for,0
what is <e> 's mascot,0
when did <e> die,2
where did <e> go to high school,3
who is <e>,0
what movies have <e> played in,2
who wrote the <e> st. john,0
where are the <e> now,0
what county is <e> in,0
what is <e> mascot,0
what are the names of all the countries in <e>,0
what did king <e> died from,0
what are the 5 countries in the <e>,1
what did <e> died from,0
what was <e> occupation,0
who was <e> 's husbands,3
what ship did <e> travel on,2
what airport do you fly into for <e>,0
who plays lynette on <e>,3
who made the <e>,0
who are the players on the <e>,2
who did <e> date,2
what kind of guitar does <e> play,1
what 4 states border the <e>,3
who was <e> answers,0
what did <e> do for a living,0
what degree did <e> get,2
what is time zone in <e>,0
what county is <e> located in,0
where did <e> get fired,3
what is the religion of <e> people,2
who does <e> play in the avengers,3
what team does <e> currently play for,2
what should you see in <e>,0
what is the <e> current roster,2
where is <e>,0
where is <e>,0
who did <e> date,2
where <e> were born,0
who does the <e> worship,0
where did <e> go to college,3
when did the <e> win the superbowl,0
what form of government does <e>,0
who all has dated <e>,2
where did <e> grow up,0
when did the <e> occur,0
who plays alan parrish in <e>,3
what type of legal system does <e> have,0
which ocean does the <e> flow into,1
where did <e> battle take place,0
who is <e> oracle,0
who is the current leader of <e> today,3
who plays lois in <e>,3
what date did we <e>,0
who does <e> play in breaking dawn,3
what art movement was <e> part of,0
what is currency in <e>,0
what to see and do in <e>,0
what influenced <e> 's poetry,0
where did the <e> take place,0
when did <e> join the ncis team,3
what does <e> do for a living,0
what college did <e>,3
who is <e>,0
what country did <e> came from,0
where is the <e> located,0
where do the <e> play basketball,0
what movies did <e> play in,0
what was <e> job,0
which countries do <e> border,3
what currency does the <e>,0
when did <e> become president,3
where is <e> located,0
what year was <e> rookie year,2
what type of language does <e> speak,0
where was <e> born,0
what 3 states border the <e>,3
who was <e>,0
what did <e> invented,0
who inspired <e>,0
what is the currency used in <e>,0
where is <e> exactly located,0
what 5 countries border <e>,3
where was <e> educated,2
what are the main sports in <e>,0
who was <e> 's parents,0
what are the 3 official languages of <e>,0
who is <e> playing in perks of being a wallflower,3
where did the <e> move from,0
what state <e> was born,0
where does <e> play,2
what school did <e> go to,2
who was the leader of the <e> in 1948,3
what is the capital of <e> known for its bluegrass,0
what four countries are in the <e>,1
what county is <e> in,0
what killed <e>,0
what do people speak in <e>,0
what religion did <e> follow,0
where did <e> live,2
what year did <e> win their first world series,1
where was the <e> war located,0
what films have <e> been in,2
what things did <e> invent,0
where are the <e> from,0
what airport is close to <e>,0
what are <e> gods,0
where is the capital of <e> on the map,0
what is the <e> language,0
who is <e>,0
what language people speak in <e>,0
who did president <e> marry,3
what time is <e> now,0
what is zip code for <e>,0
who was <e> 's girlfriend,2
what language do you speak in <e>,0
in which country is <e> found,1
who played michael myers in <e>,3
who coached the <e> in 1996,2
who is the senator of <e> 2010,3
what is <e> famous for,0
where was <e> born,0
what bass does <e> use,1
what did st. <e> do,0
who plays claire in <e>,3
what sport does <e> compete in,2
what battles did <e> participate in,2
where does the <e> run through,0
what movies did <e> act in,2
where is <e> home stadium,0
what american <e> is worth money,2
when did the <e> start,0
when did <e> start playing baseball in the mlb,3
what guitar did <e> play,0
from which university did <e> receive his bachelor 's degree,3
what is the name of the <e> stadium,2
what are the names of <e> potter books in order,0
where is the <e>,0
what kind of currency to bring to <e>,0
what movies is <e> in,2
what <e> language called,0
where is <e> from,0
what year did <e> win the championship,0
what songs has <e> written,0
what school did <e> go to,2
who play <e>,2
what are the official languages of the <e>,0
what are the two houses in <e>,0
where did <e> live,0
what country did the <e> live in,0
who is prime minister of <e> 2012,3
where is <e>,2
who was <e> 's mother,1
who plays saruman in <e>,3
what language do people speak in <e> wikipedia,0
what do they speak in <e>,0
which states does the <e> flow through,1
what did <e> play in,2
where does the <e> end,0
what currency is used in <e>,0
what kind of government <e> have,0
what team is <e> playing for in 2010,2
what are the major religions in <e>,2
who was <e> 's wife,3
who does <e> play for now 2011,2
what kind of government did the <e> empire have,0
what writers influenced <e>,0
what is <e> in,2
where is <e> located,0
who does <e> play in fast and furious,3
where is <e> headquarters,2
when did <e> officially open,0
what type of government <e> have,0
what nation did <e> lead,2
who is the president of <e> in 2009,3
who voice acts <e>,3
who is <e> wife,3
what state in <e> in,0
when did <e> win super bowl,0
what style of music did <e> play,0
where did <e> go to jail,2
where does <e> live,2
what did <e> discovered in 1819,0
what are <e> 's albums,0
what did <e> die of,0
who is <e> married to,3
what cities does <e> fly to,2
where to stay in <e>,0
what currency does <e> accept,0
what is the second official language of <e>,0
who was married to <e>,3
what did <e> die from,0
who did <e> married,3
what countries are the <e>,3
what countries did <e> rule,2
what county is <e> in,0
what countries does the <e> flow through,0
what is the language spoken in <e>,0
what year did <e> get married,2
what country is <e> in,0
what inspired <e> to write poetry,0
where people speak <e>,0
where does <e> fly to,2
what did <e> die of,0
what did <e> die of,0
where were the <e> located,0
what money is used in <e>,0
who does <e> play for 2012,2
what do <e> people speak,0
who owns <e> 2012,3
what type of government does the <e>,0
what challenges did <e> have to face,2
where is <e> located,0
who played dorothy in the film <e>,3
where did <e> died,0
what is the official language of the <e>,0
what movies does <e> star in,2
where is <e> made,2
in what years did the <e> win the world series,0
what years did <e> play baseball,2
what does the <e> speak,0
what is the name of the capital of <e>,0
what kind of political system does <e> have,0
who played dumbledore in the <e>,3
what are some places to visit in <e>,0
who played <e> in star wars movies,2
what type of music does <e> sing,0
where is <e> spoken around the world,0
what airlines hub in <e>,1
where does the <e> play,0
what team did <e> play for in college,3
what type of government does the former <e> have,0
where did <e> play high school football,3
what is <e> names,2
where did <e> attend college,3
what has <e> been in,2
where did <e> die,0
what language do <e> speak,0
what form of government does <e> have,0
what type of government system does <e> have,0
what county is <e> in,1
what language did ancient <e> write in,0
what language do the speak in <e>,0
what films did <e> star in,2
who was the winner of the <e>,2
where is the <e> headquarters,2
where is the main headquarters of the <e>,2
what are the team colors for the <e>,0
where was <e> when he got shot,0
who has played edward quartermaine on <e>,3
what do most <e> speak,0
who is the <e> 2012,3
who won the governor election in <e>,3
who is ruling <e> now,2
where was the <e>,0
in what state was <e> established,2
what is the <e> part of,0
who plays faramir in <e>,3
what movies <e> in,2
what team does <e> play for 2012,2
what kind of government is <e>,0
what book did <e> wrote about the people in the dust bowl,1
what is the dollar called in <e>,0
what are the main imports and exports of <e>,2
what type of music did <e> play,0
what political system is in <e>,0
where did <e> live in nyc,3
where did <e> go to highschool,2
who does <e> work for now,2
where did <e> grow up,0
who owns the <e>,2
what country is next to <e>,3
who did <e> play in eclipse,3
what songs does <e> sing,2
where is <e> located,0
where did <e> go to college,3
what was <e> famous for,0
what language do they speak in <e> wikipedia,0
what are the main languages of <e>,0
what did <e> believe in,0
where do most of the people in <e> live,1
what movies has <e> played in,2
what is <e> 's powers,0
where is the <e> located,0
what is <e> money called,0
what school did <e> attend,2
what is <e> 's state flower,3
what did <e> win gold for,3
where is <e> on map,1
what years did the <e> win the championship,0
what team is <e> on,2
what is the government of <e>,0
what timezone does <e> have,0
who does <e> belong to,0
what does <e> star in,2
who was the general for the british in the <e>,3
who is the voice of stewie griffin from <e>,3
who does <e> play for,2
what college did <e> attend,3
what type of voting system does the <e> have,0
what language do <e>,0
who owns <e>,2
where did <e> go to college,3
where did <e> die,0
where do the <e> play baseball,1
what year <e> retired,2
who played <e>,2
what time is <e> soccer,0
what is the rainforest in <e> called,1
what is <e> ga famous for,0
where is <e> located,0
what years have the <e> won the super bowl,0
what country does <e> export to,2
who played <e>,2
which states share borders with <e>,3
what currency do i need in <e>,0
where did the <e> start,0
what language does people speak in <e>,0
what does <e> export and import the most,2
where <e> go to school,2
what form of government does <e>,0
what is the capital city of <e>,0
what countries did <e> become,2
when did <e> win the world series,0
what type of government does <e>,0
what does the <e> border,2
who does <e> play in lord of the rings,3
what year did <e> come into the nba,0
what city is the state capital of <e>,0
what currency should you take to <e>,0
what is <e> state bird,3
what kind of currency does <e> use,0
what inspired <e> to write,0
what language does <e> use,0
who does <e> go out with,2
who are the current senators from <e>,3
what team does <e> play for 2011,2
what tv show did <e> play on,2
what is the actual current local time now in <e>,0
where is <e> located in egypt,0
who was <e>,0
what do you speak in <e>,0
when did the <e> last win the superbowl,1
where was dr <e> born,0
where was <e> born,0
what years the <e> won the super bowl,0
what exactly did <e> die from,0
where did <e> die,0
who 's the <e> head coach,0
where is <e> located,0
where did the <e> originate from,0
where did the <e>,0
what kind of insurance does <e> offer,0
where is <e> ohio,0
what language do they in <e>,0
what form of government is the <e>,0
what language do you speak in <e>,0
where did <e> die,0
what to see outside of <e>,0
what team does <e> play for 2011 season,2
what group is <e> in,2
what films has <e> narrated,2
where did <e> live,2
who is the <e> now,2
what was <e> 's political party,2
what is the current government of <e>,0
what <e> famous for,0
who are senators from <e>,3
where is <e> language spoken,0
what movies does <e> play in,2
what is the name of <e> 's son,1
what kind of money is used in <e>,0
where is the <e> situated,0
what is the language called in <e>,0
where was <e> buried,0
what languages are there in <e>,0
where did <e> died,0
what was <e> 's wife 's name,3
what is the second <e> book called,1
where was princess <e> raised,0
where did <e> live in,2
who is the current president of <e> 2011,3
who plays lois griffin in <e>,3
where did <e> grew up,0
where did <e> live,2
where did <e> go to high school,3
what 's <e> 's currency,0
where does the <e> flow into,0
where did <e> come from,0
what do <e> people speak,0
what movies has <e> in,2
what movies has <e> been in,2
how much <e> teams are there,2
where did <e> go to college,3
who is <e> father,1
what did <e> die from,0
what do <e> call their money,0
what year was the great <e>,0
what was <e> first movie,3
who has the voice of <e>,3
what team does <e> play for,2
what language is mainly spoken in <e>,1
what languages do people speak in <e>,0
where did <e> live,0
what is the major language spoken in <e>,0
where was governor <e> born,0
who is <e>,0
where did <e> junior go to college,3
who is the current president of the <e> in 2010,3
what are some important events in <e>,0
with which country does <e> border,3
what did <e> do as an abolitionist,0
what position did <e> play,0
who was the <e> in 1971,3
where was <e> died,0
where in oregon was <e> filmed,0
who is <e> 2012,3
what timezone is <e> in,0
when is the last time <e> won a championship,1
what currency do they use in <e>,0
what college did <e> attend,3
what sights to see in <e>,0
where did <e> live as a kid,0
who was <e> married to,3
what four regions make up the <e>,0
what continent is the <e> located in,0
what year did <e> win world series,0
who is the governor of <e> 2009,3
what currency does <e> accept,0
where to travel around <e>,0
who is country singer <e> married to,3
who was the governor of <e> in 1996,3
where do <e> people go to worship,0
who does <e> play in the movie twilight,3
where does <e> live now,2
what is the current leader of <e>,3
who is engaged to <e>,3
what did <e> make,0
who did <e> play for,2
which countries does <e> border,3
what is <e> 's religion,0
what was <e> name in juice,3
where did <e> go to school,2
what is <e> 's hometown,0
who played <e>,2
what countries speak <e> wikipedia,0
what airport does southwest fly to in <e>,3
where are the <e> located,0
what movies does <e> play in,2
who is <e> married to,3
what team did <e> play for in 2009,2
what timezone is <e> in,0
what state did dwight d. eisenhower live in,3
who does <e> play for in the nba,2
where did <e> happen,0
where did <e> go to school,2
where is <e>,0
who was <e>,0
what is the jurisdiction of the <e>,0
what countries are included in the continent of <e>,0
who plays <e>,3
where did <e> go to college,3
what to do in <e> scotland,0
what all does <e> own,0
who played wesley crusher on <e>,3
where is the <e>,0
where is <e> located,0
what kind of government does <e> have today,0
where does the <e> come from,0
who did georgia o'keeffe inspired,0
where the <e> language come from,0
who played <e> in star wars episode 4,3
who plays jackson gibbs on <e>,3
what movies have <e> been in,2
where do <e> come from,2
what has <e> been in,2
what political party was <e>,2
what important office did <e> hold,2
where did <e> die,0
what colony is <e> from,3
what to see in <e>,0
what time is in <e>,0
where <e> grew up,0
what timezone is <e> in right now,0
who is <e> married too,3
what is the <e> money called,0
who is <e>,0
where is <e> from,0
what films have <e> starred in,2
what all did <e> own,2
what system of government does <e> have,0
when did mcgee start on <e>,3
where did the <e> native americans live,0
what are the major religions practiced in <e>,2
where is <e> from where was he born,0
what theme songs did <e> wrote,0
what is the time zone in <e> called,0
what kinda music does <e> sing,0
when did <e> join the patriots,3
<e> married to,3
who was the prime minister of <e> in 1958,3
what is <e> husband name,2
what did dr <e> do,0
what airport is closest to sandals grande in <e>,0
who plays marlo on <e>,3
what is president <e> known for,0
what currency do the <e> use,0
what are the different dialects of <e>,0
what is the <e> mascot,0
what to do downtown <e>,0
where was <e> from,0
who is <e> ex wife,3
what are <e> kids names,0
what country did <e> live in,2
what county is <e> located in,0
where are the <e> located,0
what type of cancer did <e> die from,1
who is the new governor of <e> 2011,3
what airport is closest to downtown <e>,3
what to see and do in <e>,0
who the voice of <e>,3
when did <e> come to the nba,3
what kind of money do you use in <e>,0
what money do they use in <e>,0
who is <e>,0
what language do <e> people talk,0
what language do people speak in <e>,0
which states touch <e> soil,3
what movies has <e>,2
which country is <e> city located,0
what languages do <e> people speak,0
what is <e> 's parents names,0
where did the <e> play,0
where do people speak <e>,0
where did <e> live,0
what airport to fly into to get to <e>,0
where did <e> come from,0
what super bowls have the <e> won,1
who raised <e>,0
where was <e> born,0
where do the <e> play home games,1
what all does <e> have,2
who did <e> drive for,2
what type of government does the <e> have,0
what sport do the <e> play,2
what time is it in <e>,0
what influenced <e> 's work,0
what events does <e> compete in,2
what city was <e> born in,0
what year was <e> drafted,2
what inspired m.c. escher to become an artist,0
what movies <e> is in,2
what do they speak <e>,0
what type of guitar does <e> play,0
what was the <e> old name,0
what country did ponce <e> live in,0
what character did <e> play in star wars,3
what political system does <e> use,0
what countries are located in the <e>,1
who did <e> play for,2
who is <e> 's daughter,1
what disease <e>,0
what is the <e> theme song,0
what is the main language spoken in <e>,0
who is the current president of <e> 2010,3
what type of planes does <e> fly,2
who is the current queen of <e>,1
what other countries share a border with <e>,3
who is the leader of <e> now,3
where do <e> live,2
what office does <e> hold,2
where did president <e> go to college,3
when was the <e>,0
who plays kenneth on <e>,3
what style of art did <e> produce,0
who did the <e> draft in 2011,3
what did <e> do,0
where did <e> started his career,0
what teams drafted the <e>,3
what state is <e> online located,2
what language do the people in <e> speak,0
who does <e> play in seinfeld,3
what music did <e> composed,0
what did <e> accomplish,0
what currency should i bring to <e>,0
who is the new senator of <e>,3
what is the <e> mascot,0
what religion in <e>,2
what was <e> rookie year,3
what time zone is <e> england,0
when did <e> won x factor,0
where is <e> stadium located,0
where is the best place to vacation in the <e>,0
what is the dominant language in <e>,0
who was <e>,0
what years did <e> play,2
what films has <e> starred in,2
what cancer did <e> died of,1
what airport is closer to downtown <e>,0
who did <e> coach for,2
what is the most practiced religion in the <e>,3
what teams did <e> play for,2
who are the senators of <e> 2013,3
what are <e> 's sons names,1
what year did <e> became king,2
what movie is <e> in,2
what job did <e> have,0
what do <e> speak,0
where is <e> headquarters,2
where is <e> located,0
when did <e> start on in living color,3
what city was <e> shot,0
who is <e> dating now 2012,3
who plays <e>,2
what county is <e> tn in,0
where to fly in for <e>,0
when did <e> run for president,0
what year did the <e> win their 2nd world series title,1
what language do they speak in <e> yahoo,0
who did <e> marry,3
what can you do in <e>,0
where is the <e>,0
what role did <e> play in endless love,3
what college did <e> attend,3
what illness does <e> have,0
who played kitt in <e>,3
what art movements was <e> involved in,0
who plays jay adams in <e>,3
what is in <e> england,0
what was <e> known for,0
where did <e> live,2
who are <e> 's parents,0
what currency is best to take to <e>,0
when did <e> run for president,0
what position did <e> serve in the constitutional convention,3
what guitar does <e> play,0
what did <e> do,0
what college did <e> play basketball for,3
what language <e> use,0
where is <e> from,0
what to do today in <e> uk,0
what do <e> people speak,0
what season did jason priestley leave <e>,3
who voiced darth vader in <e>,3
who won the governor election in <e>,3
what team does <e> play for,2
what market does <e> operate in,0
who was <e> played by,2
what does a american <e> look like,0
what songs did <e> write,0
who is the <e> coach,0
where was the battle of <e> located,0
when was the musical <e> written,0
where did <e> live,2
what is the <e> new name,0
when did the <e> win championship,0
what is <e> on wipeout,3
where did chef <e> go to school,2
where is <e> located,0
where was <e> born and in what year,0
who did <e> play in twilight,2
what money system does <e> use,0
who is <e>,0
who is the current president of <e> 2011,3
where is <e> from sui,0
which country uses <e> as its main currency,1
what office does <e> hold,2
where do <e> live,0
who is <e> inventor of,0
who did <e> play in the wiz,3
how many languages are there in the <e>,0
who plays <e> gideon,2
who did <e> marry,3
who did <e> play in megamind,3
who was <e> inspired by,0
what teams did <e> play 4,2
what are the basic beliefs of <e>,0
what school did <e> go to,2
where the <e> lived,0
what kind of money does <e> use,0
who played <e> 's boyfriend on seinfeld,2
who is the senator of the state of <e>,3
what was <e> religion,0
who won the <e> in 2007,2
what teams are in the <e>,2
who was the prime minister of <e> in 1998,3
who did kat graham play in <e>,3
who was <e> 's wife,3
who was <e> influenced by,0
what type of political system does <e> have,0
what is <e> language,0
where was <e> located,0
what college did <e> go to,3
what currency does <e> have,0
who created <e>,0
when did the <e> win the championship,0
what religions are found in <e>,2
what team did <e> play for,2
who was <e> 's mom,1
what movies did <e> appear in,2
who is the leader of <e> 2012,3
where did <e> go to school,2
what sport do the <e> play,0
what team did <e> retire with,3
what timezone is <e> in,0
what county is <e> in,0
what other movies is <e> in,2
where was the <e> located,0
what countries in the world speak <e>,0
who all has <e> played for,2
what airport fly into <e>,3
who was the <e> coach in 2011,2
who did <e> fight for,2
what are major exports of the <e>,2
what kind of cancer did <e> died from,1
who was the voice of <e>,3
what happened to <e> at the end of the war,0
who did <e> sign with,3
in which province is <e>,1
what band did <e> play in,2
where did <e> play baseball,3
what timezone is <e> currently in,0
what to see near <e>,0
what language does <e> use,0
what does <e> do,0
when did <e> first win a trophy,1
where is <e> from,0
what is the present form of government in <e>,0
what songs did <e> write,0
what year <e> came to the nba,3
where did <e> go to school,2
what are 2 inventions <e> is credited with creating,0
where is <e> now,2
what movies did <e> play in,2
what time zone is <e>,0
who do <e> play for,2
what does <e> do for a living,0
who nominated stephen g. breyer,2
what is the name of the money used in <e>,0
where is <e> at,0
what city did <e> live in,0
what movies did <e> play in,2
what is <e> italy,0
what division did the <e> play in,0
what do <e> religions have in common,0
in what modern country is the <e> located,1
what airlines fly into <e>,0
where is <e> now,2
where is <e>,0
who played elaine on <e>,3
who does the voice of kitt in <e>,3
where is <e> being played,0
what money do they have in <e>,0
what does <e> speak,0
what are the three major rivers in <e>,1
where are you if you re in <e>,0
what influenced <e> to become president,0
what did randy jackson play in <e>,3
which countries use <e> money,0
who are <e> 's husbands,3
when did <e> hit ct,0
what are fun things to do in <e>,0
what did <e> write,0
what time is right now in <e>,0
what kind of legal system does <e> have,0
what time zone is it in <e>,0
what countries does <e> border,3
what political party was <e> the leader of,2
where was <e> a senator,3
what is the state flower of <e>,3
what country <e> from,0
where did <e> go to school,2
what is the <e> holy book,0
what language group does <e> belong to,0
who did <e> malloy end up marrying,2
who helped form the <e>,0
when was the last time the <e> won a world series,1
what is there fun to do in <e>,0
who is the <e> head coach,0
what is <e> famous for,2
what language do <e> people speak,0
what timezone is <e> gmt,0
what instruments does <e> play,2
where is <e> located,0
where do the <e> play,0
who plays walter in <e>,3
what was <e> known for,0
who nominated <e>,2
where do most <e> live,1
what do ethnic <e> look like,0
which <e> country has the biggest population,1
what is the capital city of <e> on a map,0
who was the grandson of <e> 's father,1
where did <e> live,2
where did sir <e> die,0
when did <e> take office,3
what teams did <e> own,0
what money should i bring to <e>,0
who did <e> married,3
where was <e> born,0
who is <e> snl,0
where does <e> live,2
where is <e> western cape,0
what is language in <e>,0
what countries in the world speak <e>,0
what place did <e> died,0
when did <e> won the cy young,3
what films did <e> star in,2
where does <e> live,2
where is <e> located what continent,0
where <e> lives,2
where did <e> go to school,3
where did <e> come from,0
what city was <e> held in,1
where did <e> die,0
who is <e> marrying on 30 rock,2
who played anakin skywalker in <e>,3
what year <e> came in the nba,2
what organization did <e> lead,0
what is <e>,0
what is <e> made up of,1
what kind of language do they speak in <e>,0
what do people in the <e> speak,0
what is the money currency in <e>,0
who is the prime minister of <e>,3
who was the president of <e> in 1980,3
what was <e> famous for,0
where is <e> buried now,0
who is <e> in a relationship with,2
what position does <e> play,2
what year were the <e> established,0
which four states touch <e>,3
what influenced <e> artwork,0
what cities are included in <e>,1
who played <e>,2
who all was <e> married to,3
what country did <e> come from,0
what type of government does <e> currently have,0
what state was <e> governor of,3
what club does <e> play for 2012,2
where <e> was born,0
what school did <e> attend,2
what are all of <e> albums,0
what did <e> speak,0
what was <e> 's contributions to science,0
what college did <e> graduated from,3
which college did <e> graduated,3
who is the 2011 <e> winner,2
what to do in <e> for a week,0
what tourist attractions are in <e> texas,0
what county is <e> il in,0
what currency does <e> use,0
who are famous people from <e>,0
where was <e> born,0
what films did <e> wrote music for,0
what is the state symbols of <e>,2
what language do <e> speak,0
who was the first wife of <e>,3
what movies has <e> been in 2011,2
who is the member of <e>,2
where was <e> from,0
where was <e> held,0
what time zone is <e>,0
what language do people in <e> speak,0
where is <e> located,2
where does <e> live now,2
who is <e> and tamera mowry parents,0
who is the <e> football coach,0
where does <e> live,2
who invented the <e>,0
what is the capital city of <e>,0
when did <e> originate,0
what instrument does <e> play,0
what country is located in the <e>,1
what movies has <e> starred in,2
what do you call <e> currency,0
when <e> was president,3
which countries border the <e>,3
what is <e> 's mascot,0
what religion are people in <e>,2
what happened at <e>,2
where is <e> car from,0
what sort of government does <e> have,0
what money is used in the <e>,0
where is located <e>,2
what sports do they do in <e>,0
where did <e> jay go to college,2
where is the time zone in <e>,0
what is the currency name of <e>,0
who is <e> 's new husband,3
what region is <e>,2
what team did <e> play for,2
who did <e> marry,2
what does <e> own,0
who was <e> 's mother,1
what label is <e> signed to,0
where did <e> grew up,0
what year did <e> get drafted,2
who is <e> married to,3
who does <e> play in the hunger games,3
what was the name of <e> book,1
what sport does <e> compete in,0
what albums did <e> play on,0
where is <e> bora bora,0
what was <e> last name,0
what did <e> do,0
where did <e> grow up,0
where was <e> 2010 held,0
what continent does the <e> belong to,0
which countries are part of the <e>,1
where was <e> born,0
where does the name <e> come from,0
who was the voice of darth vader in <e>,3
when was george w bush <e>,1
what do <e> call their money,0
what did <e> died from,0
what was the name of <e> brother,3
where did <e> go to high school,3
what countries did <e> rule,2
what other cars does <e> make,1
what form of government exists in <e>,0
who is playing <e> in the hobbit movie,3
what type of government and economic system does the <e> have,0
where is <e> factory,0
what kind of government does <e> have,0
who is <e> with now,3
who are the <e> players,2
what year did <e> became president,2
what are <e> countries,1
what highschool did <e> go to,3
what kind of education did <e> have,2
where did the <e> occur,0
what time is it in <e> 24 hour clock,0
what kind government does the <e> have,0
what are popular sports in <e>,0
what business does <e> do,0
what school does <e> go to,0
what team does <e> play for,2
who is <e> and what is he famous for,0
what continent is <e> located on,0
what is the capital city of <e>,0
what style of art did <e> do,0
who did <e> married,3
what does <e> people speak,0
what country does <e> operate in,2
what website did <e> co founder,0
when did the <e> win the pennant,0
where did <e> died,0
what instrument did <e> like to play,0
where is <e> located,0
who is <e> descended from,0
what did <e> do,0
what kind of paintings did <e> do,0
what blood disease does <e> have,0
what games did <e> make,0
what currency do <e> use,0
what does <e> own,2
when were the <e> founded,0
who plays mary jane in <e>,3
when is the last time the <e> won a championship,1
where do the <e> play,0
where did <e> originate,0
what kind of economy was the <e>,0
what do <e> call their god,0
what all countries are in <e>,1
what is <e> current system of government,0
who plays <e> in 2012,2
where did <e> go to college,3
what are the two major religions in <e>,2
where was <e> born,0
what was one thing <e> is famous for,0
where did <e> go to school,2
where does <e> live,2
what zip code is <e>,0
what did <e> die of,0
what year did <e> enter the nba,3
where does <e> play,3
who is <e> racing for,0
where is the nation of <e>,0
where did <e> live,2
what type of money do you use in <e>,0
what language did <e> people speak,0
who does <e> play for,2
what state is <e> in,0
where did <e> live,0
when countries joined the <e>,2
what movies did <e> star in,2
who was real housewives <e> married to,3
where was <e> born,0
what did <e> died of,0
what a city in <e>,1
what type of laws did <e> demand,0
what to do in <e>,0
who is the <e> quarterback 2012,3
where does the <e> end,0
who played <e>,2
what government did <e> have,0
what movies did <e> do,2
what was <e> 's job,0
who is <e> in the bible,0
what school did <e> establish,1
when does the <e> occur,0
what form of government does <e>,0
what job does <e> have,0
what is the name of currency used in <e>,0
who plays <e>,2
who is the president of the <e> 2011,3
who is the head coach of the <e>,0
who all has <e> played for,2
what county is <e> in,0
who started up <e>,0
where is <e>,2
what time zone is <e> oh in,0
who plays stewie griffin on <e>,3
where does <e> live,2
what character did <e> play in lord of the rings,3
what country is beside <e>,3
who does the voice of kovu in <e>,3
what is <e> real name,0
who is in the band <e>,2
what was <e> known for,0
where is <e> used,0
what language do <e> indians speak,0
what county is <e> located in,0
where did <e> live,0
what form of government does <e> have today,0
where did <e> go to school,2
who is the voice of <e> from family guy,3
where did <e> graduate from college,3
what team did <e> play for,3
what are american <e> terriers,0
what year did <e> won the slam dunk contest,3
what movies does <e> play in,2
what state is the <e> in,2
what year did <e> win the world series,0
what did <e> do,0
which country does <e> come from,0
what currency do you use in <e>,0
what type of political system does <e> have,0
what country did <e> represent,0
what is the zip code of <e>,0
when was <e> inaugurated,0
what was <e> known for,0
what are the four nations of the <e>,1
what was basketball player <e> 's major in college,2
what kind of government system does <e> have,0
who stars in the movie <e>,2
where does president <e> live,2
where is <e>,0
which countries share land border with <e>,3
where <e> located,0
what was <e> famous for,0
what timezone is <e> on,0
who is married to <e>,3
who won the presidential race in <e>,3
what religion was <e>,0
what are the major imports and exports of <e>,2
where <e> from,0
what was <e> famous for,0
what did <e> identify,2
what time is the <e> starting,0
where did <e> take place,0
where was stephen g. breyer born,0
what did the <e> created,0
where did <e> study,2
what county is <e> in,0
what year was the <e>,0
what is <e> 's style of music,0
where was <e> born and raised,0
what is the local language of <e>,0
what does <e> do,0
who were <e> 's parents,0
who are the current senators from <e>,3
what college did <e> go to,3
who is the coach of <e> now,2
what kind of guitar does <e> play,1
what was <e> nationality,0
where did <e> live,2
what currency to take to side <e>,0
what currency is used in <e> before euro,0
who did <e> play on general hospital,3
who was the members of <e>,2
what organization did dr. carter g. woodson found,0
what team does <e> play for now,2
where did <e> go to high school,3
where is the <e>,0
what is the official currency in <e>,0
what county is <e> in,0
who is <e> wife,3
what kind of system of government does the <e> have,0
where is <e> hometown,0
what position does <e> hold,2
where is <e> from,0
where does the <e> soccer team play,0
when was <e> released to the public,2
when was <e> died,0
who influenced <e>,0
what team <e> play for,2
where did <e> live,2
what did <e> compose,0
what type of political system is <e>,0
what did <e> make,0
what movies has <e> in,2
who started <e>,0
what time zone is the <e> in right now,0
where <e> was raised,0
who does <e> play in taken,3
who does <e> play 4,2
what is the zip code for <e>,0
what 5 countries border <e>,3
what type of business is <e> in,2
who does <e> play for in the nba,3
what are the mountains in <e> called,3
who does <e> play for 2012,2
who started <e>,0
what kind of money to take to <e>,0
what did <e> do,0
who does <e> play for 2012,2
who does <e> play on one tree hill,3
how many teams are there in the <e> football,3
who played as <e>,3
what drugs were in <e> when she died,1
what books did <e> wright,0
where do the fla <e> play,0
what movie did <e> play in,2
what year did the <e> win their first championship,1
what influenced <e> work,0
what disease did <e>,0
where is <e> from,0
what is the political system in <e>,0
what instrument does <e> play,0
what does <e> sell,0
what continent is <e> located in,0
what movies did <e> play in,2
who does <e> play for now nov 2010,2
who are <e> children,0
where is <e> from,0
who is the <e> quarterback 2012,3
what is the money called in <e>,0
what timezone is texas <e> in,0
what are <e> countries,2
what year did <e> get drafted,2
what jobs did <e> do,0
what are countries in <e>,1
who is the new <e>,3
what states does the <e> flow through,1
who did <e> sign with 2012,2
what is the <e> time zone,0
what cities are in <e>,1
where is <e> located on a map,0
what state is <e> located in,2
what is <e> time zone,0
what movies has <e> been in,2
where was the battle of <e> held,0
who speaks <e> language,0
what did <e> die off,0
where is <e> located,0
what is the <e> mascot,0
who played <e>,2
what primary school did <e> go to,3
what are the names of <e> children,0
who voices <e> in looney tunes,2
where was <e> buried,0
what two countries speak <e>,0
who plays <e>,3
what did <e> died of,0
who owns the <e>,0
who is the coach of the <e> 2005,2
what movies did <e> star in,2
what was the name of <e> plane,0
who was <e> married too,3
where is the <e> located,0
who was the president of <e>,3
who portrayed <e> in raiders of the lost ark,3
what year did the <e> start,0
who played todd manning on <e>,3
what hotel should i stay in <e>,0
where was <e> raised,0
what year did the <e> happen,0
what language do <e> speak,0
what continent is <e> apart of,1
